input,class,precision,recall,f1-score,support
both,lying,1.0,1.0,1.0,436.0
both,sitting,1.0,1.0,1.0,958.0
both,standing,0.9971264367816092,0.9971264367816092,0.9971264367816092,696.0
both,walking,0.9990393852065321,0.9990393852065321,0.9990393852065321,2082.0
back_only,lying,1.0,1.0,1.0,436.0
back_only,sitting,0.9461077844311377,0.49478079331941544,0.6497601096641535,958.0
back_only,standing,0.5696539485359361,0.9224137931034483,0.7043335161821174,696.0
back_only,walking,0.9848197343453511,0.9971181556195965,0.9909307875894988,2082.0
thigh_only,lying,0.29393939393939394,0.22247706422018348,0.25326370757180156,436.0
thigh_only,sitting,0.6807909604519774,0.7546972860125261,0.7158415841584158,958.0
thigh_only,standing,0.9829787234042553,0.9956896551724138,0.9892933618843683,696.0
thigh_only,walking,0.9985542168674699,0.9951969260326609,0.9968727447678615,2082.0
