subject,segment,activity,start_time,end_time,max_interval_seconds,true,predicted,confidence,prob_lying,prob_sitting,prob_standing,prob_walking,true_activity,predicted_activity,input
511,107,standing,2021-05-07 10:33:51.683,2021-05-07 10:33:53.664,0.021,2,3,0.8429762,1.5032668e-07,3.0891988e-05,0.15699278,0.8429762,standing,walking,both
511,107,standing,2021-05-07 10:33:55.683,2021-05-07 10:33:57.664,0.021,2,3,0.79318583,2.5128927e-06,3.0861935e-05,0.20678084,0.79318583,standing,walking,both
512,23,walking,2021-05-07 15:45:23.440,2021-05-07 15:45:25.420,0.021,3,2,0.5630843,1.03072054e-07,8.916576e-05,0.5630843,0.43682647,walking,standing,both
512,23,walking,2021-05-07 15:45:24.440,2021-05-07 15:45:26.420,0.021,3,2,0.5192078,3.2823777e-07,0.00010829994,0.5192078,0.48068354,walking,standing,both
512,149,standing,2021-05-07 16:01:27.000,2021-05-07 16:01:28.979,0.021,2,3,0.9999979,8.6723695e-09,1.5976551e-06,4.6742937e-07,0.9999979,standing,walking,back_only
512,149,standing,2021-05-07 16:01:28.000,2021-05-07 16:01:29.979,0.021,2,3,0.999602,3.1231946e-06,0.00018772106,0.0002071095,0.999602,standing,walking,back_only
512,77,standing,2021-05-07 15:54:29.559,2021-05-07 15:54:31.540,0.021,2,3,0.9974398,1.7746599e-05,0.0009994716,0.0015429707,0.9974398,standing,walking,back_only
511,70,standing,2021-05-07 10:24:35.203,2021-05-07 10:24:37.183,0.021,2,3,0.98515165,6.800674e-05,0.005542857,0.009237474,0.98515165,standing,walking,back_only
512,77,standing,2021-05-07 15:54:28.559,2021-05-07 15:54:30.540,0.021,2,3,0.98261434,5.8194266e-05,0.006634627,0.010692815,0.98261434,standing,walking,back_only
512,31,lying,2021-05-07 15:46:07.039,2021-05-07 15:46:09.020,0.021,0,1,0.9922559,0.007743639,0.9922559,6.337867e-08,2.7181505e-07,lying,sitting,thigh_only
511,84,lying,2021-05-07 10:25:49.964,2021-05-07 10:25:51.944,0.021,0,1,0.9613026,0.034062076,0.9613026,0.0030530877,0.0015822075,lying,sitting,thigh_only
511,75,walking,2021-05-07 10:25:00.204,2021-05-07 10:25:02.184,0.021,3,2,0.94531983,1.2423574e-08,4.288088e-05,0.94531983,0.054637223,walking,standing,thigh_only
511,84,lying,2021-05-07 10:25:48.964,2021-05-07 10:25:50.944,0.021,0,1,0.93325835,0.0631742,0.93325835,0.0019443977,0.001623109,lying,sitting,thigh_only
511,84,lying,2021-05-07 10:31:03.964,2021-05-07 10:31:05.944,0.021,0,1,0.92512655,0.07149659,0.92512655,0.0027752367,0.0006015798,lying,sitting,thigh_only
