subject,lying,sitting,standing,walking
501,9578,14562,14376,62872
502,12212,22780,20911,70008
503,15614,18876,21341,55384
504,6030,29058,47534,63188
505,13380,30226,17318,24314
506,11230,25476,14998,67530
507,9794,16266,26631,64626
508,14744,22494,14616,75148
509,11426,27510,23039,55610
510,14000,26656,21549,56034
511,17186,27110,15491,60220
512,4750,21350,33022,51686
513,12804,29058,19501,58934
514,6510,22864,21018,50400
515,19504,47484,31853,53736
516,8248,20176,28946,73056
517,16172,27162,24468,74487
518,0,54344,21443,62079
