input,seed,val_accuracy,val_macro_f1,epochs_trained,best_epoch,best_val_loss,parameters,training_seconds
both,42,0.9982460536206464,0.9983030271873297,18,13,0.013491295278072357,9412,37.532409414000085
both,123,0.9939864695565022,0.9937542923767388,13,8,0.026709208264946938,9412,28.46570150300022
both,2026,0.9756953144575294,0.9757024907735782,6,1,0.07125576585531235,9412,14.203833537000264
back_only,42,0.7429215735404661,0.6988206824168008,6,1,0.5301250219345093,8932,13.931332229000418
back_only,123,0.8423953896266599,0.8034223253982135,11,6,0.3206454813480377,8932,24.16881917799992
back_only,2026,0.7970433475319468,0.798532349547572,10,5,0.47088363766670227,8932,21.741656414999852
thigh_only,42,0.9579052868955149,0.9250213944020433,13,8,0.10697557777166367,8932,28.695843890000106
thigh_only,123,0.9446254071661238,0.9078624094066552,7,2,0.1438704878091812,8932,15.3557325390002
thigh_only,2026,0.9501378100726635,0.9128673110235866,9,4,0.11575870960950851,8932,18.76607923399979
